{"cameraMode":{"drawMode":0,"name":"Shaded","section":"Shading Mode"},"sceneLighting":false,"audioPlay":false,"sceneViewState":{"showFog":false,"showMaterialUpdate":false,"showSkybox":false,"showFlares":false,"showImageEffects":false,"showParticleSystems":false},"in2DMode":false,"pivot":{"x":-0.14844512939453126,"y":8.749385833740235,"z":0.29354286193847659},"rotation":{"x":0.04807469993829727,"y":-0.9338926076889038,"z":0.13775235414505006,"w":0.326727032661438},"size":45.343814849853519,"orthographic":false}