{"cameraMode":{"drawMode":0,"name":"Shaded","section":"Shading Mode"},"sceneLighting":true,"audioPlay":false,"sceneViewState":{"showFog":false,"showMaterialUpdate":false,"showSkybox":true,"showFlares":false,"showImageEffects":false,"showParticleSystems":false},"in2DMode":false,"pivot":{"x":-19.601539611816408,"y":22.88899040222168,"z":-113.98837280273438},"rotation":{"x":0.07224322855472565,"y":-0.8269867897033691,"z":0.1093330904841423,"w":0.5469369888305664},"size":104.51981353759766,"orthographic":false}