{"cameraMode":{"drawMode":0,"name":"Shaded","section":"Shading Mode"},"sceneLighting":false,"audioPlay":false,"sceneViewState":{"showFog":true,"showMaterialUpdate":false,"showSkybox":false,"showFlares":true,"showImageEffects":true,"showParticleSystems":true},"in2DMode":false,"pivot":{"x":-1.444980502128601,"y":-0.37147748470306399,"z":-1.5338304042816163},"rotation":{"x":-0.06963801383972168,"y":0.8605449795722961,"z":-0.12241894751787186,"w":-0.48951929807662966},"size":4.1915059089660648,"orthographic":false}