{"cameraMode":{"drawMode":0,"name":"Shaded","section":"Shading Mode"},"sceneLighting":false,"audioPlay":false,"sceneViewState":{"showFog":false,"showMaterialUpdate":false,"showSkybox":false,"showFlares":false,"showImageEffects":false,"showParticleSystems":false},"in2DMode":false,"pivot":{"x":-0.0006962418556213379,"y":0.18860000371932984,"z":0.0},"rotation":{"x":-0.16102442145347596,"y":0.4179009795188904,"z":-0.07553119212388993,"w":-0.890915036201477},"size":0.7010380625724793,"orthographic":false}