{"cameraMode":{"drawMode":0,"name":"Shaded","section":"Shading Mode"},"sceneLighting":false,"audioPlay":false,"sceneViewState":{"showFog":true,"showMaterialUpdate":false,"showSkybox":false,"showFlares":true,"showImageEffects":true,"showParticleSystems":true},"in2DMode":false,"pivot":{"x":-0.03353244438767433,"y":-0.02565769851207733,"z":-0.030917417258024217},"rotation":{"x":0.051175788044929507,"y":-0.06587076187133789,"z":0.0033821347169578077,"w":0.9965137243270874},"size":0.803646445274353,"orthographic":false}