{"cameraMode":{"drawMode":0,"name":"Shaded","section":"Shading Mode"},"sceneLighting":true,"audioPlay":false,"sceneViewState":{"showFog":true,"showMaterialUpdate":false,"showSkybox":true,"showFlares":true,"showImageEffects":true,"showParticleSystems":true},"in2DMode":false,"pivot":{"x":0.029108330607414247,"y":0.4190167784690857,"z":0.28724440932273867},"rotation":{"x":-0.1777559071779251,"y":0.3422923684120178,"z":-0.06611790508031845,"w":-0.9202566146850586},"size":1.3416588306427003,"orthographic":false}