{"cameraMode":{"drawMode":0,"name":"Shaded","section":"Shading Mode"},"sceneLighting":true,"audioPlay":false,"sceneViewState":{"showFog":true,"showMaterialUpdate":false,"showSkybox":true,"showFlares":true,"showImageEffects":true,"showParticleSystems":true},"in2DMode":false,"pivot":{"x":0.02728925459086895,"y":0.08007767051458359,"z":0.19571535289287568},"rotation":{"x":-0.04511653631925583,"y":0.4749310612678528,"z":-0.02438996359705925,"w":-0.8785272240638733},"size":0.5644169449806213,"orthographic":false}