{"cameraMode":{"drawMode":0,"name":"Shaded","section":"Shading Mode"},"sceneLighting":true,"audioPlay":false,"sceneViewState":{"showFog":true,"showMaterialUpdate":false,"showSkybox":true,"showFlares":true,"showImageEffects":true,"showParticleSystems":true},"in2DMode":false,"pivot":{"x":-0.018928896635770799,"y":-0.5071989297866821,"z":0.6606588363647461},"rotation":{"x":-0.26131004095077517,"y":0.09882066398859024,"z":-0.026904921978712083,"w":-0.9598100781440735},"size":1.0113706588745118,"orthographic":false}